[{"model": "englishmap.topic", "pk": 1, "fields": {"title": "Noun", "short": "<p>Noun</p>\r\n\r\n<p>Noun</p>\r\n\r\n<p>yeahh</p>", "full": "<p>Hi there</p>", "fullest": "description", "test": null, "add": ""}}, {"model": "englishmap.topic", "pk": 2, "fields": {"title": "Verb", "short": "<p>Verb</p>", "full": "<p>Verb ggsg</p>", "fullest": "description", "test": null, "add": "<p>TTTTT</p>"}}, {"model": "englishmap.topic", "pk": 3, "fields": {"title": "Man", "short": "<p>nsgsgsg</p>", "full": "<p>gsdgfsdgsd</p>", "fullest": "description", "test": null, "add": ""}}, {"model": "englishmap.topic", "pk": 4, "fields": {"title": "Topic4", "short": "<p>This is topic 4</p>", "full": "<p>Full descr 4</p>", "fullest": "<p>description</p>", "test": "<p>&quot;&quot;link to the test&quot;&quot;</p>", "add": "<p><a href=\"https://en.wikipedia.org/wiki/I_Care_a_Lot\">hey!</a></p>"}}, {"model": "englishmap.topic", "pk": 5, "fields": {"title": "Five", "short": "<p>Topic 5 short</p>", "full": "<p>Topic 5 full</p>", "fullest": "<p>description 5</p>", "test": "", "add": ""}}, {"model": "englishmap.topic", "pk": 6, "fields": {"title": "Topic 6", "short": "<p>Short 6</p>", "full": "<p>Full 6</p>", "fullest": "<p>Fullest 6</p>", "test": "<p>test</p>", "add": "<p>addit</p>"}}, {"model": "englishmap.comment", "pk": 1, "fields": {"name": "bobby", "body": "Body", "timestamp": "2022-02-06T07:10:39.006Z"}}, {"model": "englishmap.comment", "pk": 2, "fields": {"name": "man", "body": "maaan", "timestamp": "2022-02-06T07:10:39.006Z"}}, {"model": "englishmap.comment", "pk": 3, "fields": {"name": "John", "body": "test3", "timestamp": "2022-02-06T09:20:32.127Z"}}, {"model": "englishmap.comment", "pk": 20, "fields": {"name": "bobby", "body": "rep", "timestamp": "2022-02-08T04:05:46.252Z"}}, {"model": "englishmap.comment", "pk": 61, "fields": {"name": "newest", "body": "newest", "timestamp": "2022-02-08T08:00:55.419Z"}}, {"model": "englishmap.comment", "pk": 62, "fields": {"name": "juji", "body": "jijujui", "timestamp": "2022-02-08T08:01:34.406Z"}}, {"model": "englishmap.comment", "pk": 63, "fields": {"name": "test11", "body": "test1111", "timestamp": "2022-02-08T08:04:37.025Z"}}, {"model": "englishmap.comment", "pk": 64, "fields": {"name": "u", "body": "u", "timestamp": "2022-02-08T08:06:48.318Z"}}, {"model": "englishmap.comment", "pk": 65, "fields": {"name": "hd", "body": "hd", "timestamp": "2022-02-08T08:16:48.870Z"}}, {"model": "englishmap.comment", "pk": 66, "fields": {"name": "gs", "body": "gs", "timestamp": "2022-02-08T08:17:41.858Z"}}, {"model": "englishmap.comment", "pk": 67, "fields": {"name": "gs", "body": "gs", "timestamp": "2022-02-08T08:18:20.719Z"}}, {"model": "englishmap.comment", "pk": 68, "fields": {"name": "gsgs", "body": "gsgs", "timestamp": "2022-02-08T08:19:22.129Z"}}, {"model": "englishmap.comment", "pk": 69, "fields": {"name": "huhuh", "body": "uhuh", "timestamp": "2022-02-08T08:21:22.585Z"}}, {"model": "englishmap.comment", "pk": 70, "fields": {"name": "11 com", "body": "11 com!", "timestamp": "2022-02-10T23:12:32.765Z"}}, {"model": "englishmap.comment", "pk": 71, "fields": {"name": "Zack", "body": "I like this page!", "timestamp": "2022-02-11T23:52:32.423Z"}}, {"model": "englishmap.reply", "pk": 2, "fields": {"comment": 1, "timestamp": "2022-02-06T07:18:40.441Z", "nameR": "man1", "bodyR": "reply 2"}}, {"model": "englishmap.reply", "pk": 3, "fields": {"comment": 2, "timestamp": "2022-02-08T03:39:56.200Z", "nameR": "45", "bodyR": "45"}}, {"model": "englishmap.reply", "pk": 4, "fields": {"comment": 3, "timestamp": "2022-02-08T03:40:12.099Z", "nameR": "45", "bodyR": "45"}}, {"model": "englishmap.reply", "pk": 5, "fields": {"comment": 2, "timestamp": "2022-02-08T05:56:41.929Z", "nameR": "oooooo", "bodyR": "ooooooooooooo"}}, {"model": "englishmap.reply", "pk": 6, "fields": {"comment": 2, "timestamp": "2022-02-08T06:21:36.200Z", "nameR": "jack", "bodyR": "jackjak"}}, {"model": "englishmap.reply", "pk": 7, "fields": {"comment": 2, "timestamp": "2022-02-08T06:27:13.951Z", "nameR": "jf", "bodyR": "jf"}}, {"model": "englishmap.reply", "pk": 8, "fields": {"comment": 2, "timestamp": "2022-02-08T06:47:30.050Z", "nameR": "try", "bodyR": "custom inputs"}}, {"model": "englishmap.reply", "pk": 9, "fields": {"comment": 2, "timestamp": "2022-02-08T06:54:06.252Z", "nameR": "", "bodyR": "testtttttttt"}}, {"model": "englishmap.reply", "pk": 10, "fields": {"comment": 2, "timestamp": "2022-02-08T06:55:48.684Z", "nameR": "", "bodyR": "why"}}, {"model": "englishmap.reply", "pk": 11, "fields": {"comment": 2, "timestamp": "2022-02-08T07:33:02.840Z", "nameR": "bob", "bodyR": "boooob"}}, {"model": "englishmap.reply", "pk": 12, "fields": {"comment": 1, "timestamp": "2022-02-08T07:33:38.710Z", "nameR": "boob", "bodyR": "obbbo"}}, {"model": "englishmap.reply", "pk": 13, "fields": {"comment": 1, "timestamp": "2022-02-08T08:00:55.673Z", "nameR": "newest", "bodyR": "newest"}}, {"model": "englishmap.reply", "pk": 14, "fields": {"comment": 1, "timestamp": "2022-02-08T08:42:09.842Z", "nameR": "dude", "bodyR": "fddd"}}, {"model": "englishmap.reply", "pk": 15, "fields": {"comment": 69, "timestamp": "2022-02-09T23:16:39.287Z", "nameR": "newreply", "bodyR": "newreply"}}, {"model": "englishmap.reply", "pk": 16, "fields": {"comment": 69, "timestamp": "2022-02-10T22:47:51.622Z", "nameR": "gsg", "bodyR": "gsgs"}}, {"model": "englishmap.reply", "pk": 17, "fields": {"comment": 68, "timestamp": "2022-02-10T22:48:24.904Z", "nameR": "munnn", "bodyR": "muuuuuuioio"}}, {"model": "englishmap.reply", "pk": 18, "fields": {"comment": 68, "timestamp": "2022-02-10T22:54:23.731Z", "nameR": "munnn", "bodyR": "muuuuuuioio"}}, {"model": "englishmap.reply", "pk": 19, "fields": {"comment": 68, "timestamp": "2022-02-10T22:54:46.040Z", "nameR": "munnn", "bodyR": "muuuuuuioio"}}, {"model": "englishmap.reply", "pk": 20, "fields": {"comment": 68, "timestamp": "2022-02-10T22:55:25.417Z", "nameR": "munnn", "bodyR": "muuuuuuioio"}}, {"model": "englishmap.reply", "pk": 21, "fields": {"comment": 68, "timestamp": "2022-02-10T22:57:43.381Z", "nameR": "munnn", "bodyR": "muuuuuuioio"}}, {"model": "englishmap.reply", "pk": 22, "fields": {"comment": 68, "timestamp": "2022-02-10T22:58:23.293Z", "nameR": "munnn", "bodyR": "muuuuuuioio"}}, {"model": "englishmap.reply", "pk": 23, "fields": {"comment": 70, "timestamp": "2022-02-10T23:13:01.575Z", "nameR": "Reply to 11 com", "bodyR": "my reply"}}, {"model": "englishmap.reply", "pk": 24, "fields": {"comment": 70, "timestamp": "2022-02-10T23:13:28.735Z", "nameR": "another reply to 11 com", "bodyR": "my replyyyy"}}, {"model": "englishmap.reply", "pk": 25, "fields": {"comment": 70, "timestamp": "2022-02-10T23:14:51.504Z", "nameR": "another reply to 11 com", "bodyR": "my replyyyy"}}, {"model": "englishmap.reply", "pk": 26, "fields": {"comment": 70, "timestamp": "2022-02-10T23:16:11.562Z", "nameR": "dude 11", "bodyR": "yes"}}, {"model": "englishmap.reply", "pk": 27, "fields": {"comment": 70, "timestamp": "2022-02-10T23:16:30.667Z", "nameR": "dude 11", "bodyR": "yes"}}, {"model": "englishmap.reply", "pk": 28, "fields": {"comment": 70, "timestamp": "2022-02-10T23:16:40.979Z", "nameR": "dude 11", "bodyR": "yes"}}, {"model": "englishmap.reply", "pk": 29, "fields": {"comment": 70, "timestamp": "2022-02-10T23:23:07.118Z", "nameR": "dude 11", "bodyR": "yes"}}, {"model": "englishmap.reply", "pk": 30, "fields": {"comment": 69, "timestamp": "2022-02-10T23:39:56.265Z", "nameR": "gugu new", "bodyR": "huhu new"}}, {"model": "englishmap.reply", "pk": 31, "fields": {"comment": 69, "timestamp": "2022-02-10T23:40:15.738Z", "nameR": "huhu newest", "bodyR": "huhu newest!"}}, {"model": "englishmap.reply", "pk": 32, "fields": {"comment": 69, "timestamp": "2022-02-11T22:16:40.875Z", "nameR": "gugu nnn", "bodyR": "gggss"}}, {"model": "englishmap.reply", "pk": 33, "fields": {"comment": 69, "timestamp": "2022-02-11T22:17:39.007Z", "nameR": "gugug again", "bodyR": "agggga"}}, {"model": "englishmap.reply", "pk": 34, "fields": {"comment": 69, "timestamp": "2022-02-11T22:18:52.376Z", "nameR": "gugug again", "bodyR": "agggga"}}, {"model": "englishmap.reply", "pk": 35, "fields": {"comment": 69, "timestamp": "2022-02-11T22:19:16.291Z", "nameR": "gugug again", "bodyR": "agggga"}}, {"model": "englishmap.reply", "pk": 36, "fields": {"comment": 69, "timestamp": "2022-02-11T22:28:59.178Z", "nameR": "gugug again", "bodyR": "agggga"}}, {"model": "englishmap.reply", "pk": 37, "fields": {"comment": 69, "timestamp": "2022-02-11T22:29:24.187Z", "nameR": "fuck", "bodyR": "fuck ass"}}, {"model": "englishmap.layoutrow", "pk": 1, "fields": {"arrL": "arrowL", "arrC": "arrowC", "arrR": "arrowR", "topL": 2, "topC": 1, "topR": 1}}, {"model": "englishmap.layoutrow", "pk": 2, "fields": {"arrL": null, "arrC": "arrowC", "arrR": "arrowR", "topL": 0, "topC": 3, "topR": 6}}, {"model": "englishmap.layoutrow", "pk": 3, "fields": {"arrL": null, "arrC": "arrowC", "arrR": null, "topL": 3, "topC": 5, "topR": 4}}, {"model": "englishmap.layoutrow1", "pk": 1, "fields": {"arrL": "arrowL", "arrC": null, "arrR": "arrowR", "topL": 4, "topC": 0, "topR": 5}}, {"model": "contenttypes.contenttype", "pk": 1, "fields": {"app_label": "admin", "model": "logentry"}}, {"model": "contenttypes.contenttype", "pk": 2, "fields": {"app_label": "auth", "model": "permission"}}, {"model": "contenttypes.contenttype", "pk": 3, "fields": {"app_label": "auth", "model": "group"}}, {"model": "contenttypes.contenttype", "pk": 4, "fields": {"app_label": "auth", "model": "user"}}, {"model": "contenttypes.contenttype", "pk": 5, "fields": {"app_label": "contenttypes", "model": "contenttype"}}, {"model": "contenttypes.contenttype", "pk": 6, "fields": {"app_label": "sessions", "model": "session"}}, {"model": "contenttypes.contenttype", "pk": 7, "fields": {"app_label": "englishmap", "model": "comment"}}, {"model": "contenttypes.contenttype", "pk": 8, "fields": {"app_label": "englishmap", "model": "post"}}, {"model": "contenttypes.contenttype", "pk": 9, "fields": {"app_label": "englishmap", "model": "reply"}}, {"model": "contenttypes.contenttype", "pk": 10, "fields": {"app_label": "englishmap", "model": "layoutrow"}}, {"model": "contenttypes.contenttype", "pk": 11, "fields": {"app_label": "englishmap", "model": "topic"}}, {"model": "contenttypes.contenttype", "pk": 12, "fields": {"app_label": "englishmap", "model": "layoutrow1"}}, {"model": "admin.logentry", "pk": 1, "fields": {"action_time": "2022-02-04T18:18:52.588Z", "user": 1, "content_type": 8, "object_id": "2", "object_repr": "Hi", "action_flag": 1, "change_message": "[{\"added\": {}}]"}}, {"model": "admin.logentry", "pk": 2, "fields": {"action_time": "2022-02-04T18:19:47.136Z", "user": 1, "content_type": 8, "object_id": "3", "object_repr": "bobby", "action_flag": 1, "change_message": "[{\"added\": {}}]"}}, {"model": "admin.logentry", "pk": 3, "fields": {"action_time": "2022-02-04T19:09:34.351Z", "user": 1, "content_type": 7, "object_id": "1", "object_repr": "bobby", "action_flag": 1, "change_message": "[{\"added\": {}}]"}}, {"model": "admin.logentry", "pk": 4, "fields": {"action_time": "2022-02-04T19:09:56.451Z", "user": 1, "content_type": 7, "object_id": "2", "object_repr": "man", "action_flag": 1, "change_message": "[{\"added\": {}}]"}}, {"model": "admin.logentry", "pk": 5, "fields": {"action_time": "2022-02-04T21:34:20.585Z", "user": 1, "content_type": 8, "object_id": "1", "object_repr": "1 test", "action_flag": 1, "change_message": "[{\"added\": {}}]"}}, {"model": "admin.logentry", "pk": 6, "fields": {"action_time": "2022-02-04T22:25:44.353Z", "user": 1, "content_type": 8, "object_id": "3", "object_repr": "3 bobby", "action_flag": 2, "change_message": "[{\"changed\": {\"fields\": [\"Short\"]}}]"}}, {"model": "admin.logentry", "pk": 7, "fields": {"action_time": "2022-02-04T22:26:17.828Z", "user": 1, "content_type": 8, "object_id": "3", "object_repr": "3 bobby", "action_flag": 2, "change_message": "[{\"changed\": {\"fields\": [\"Short\"]}}]"}}, {"model": "admin.logentry", "pk": 8, "fields": {"action_time": "2022-02-04T22:26:41.097Z", "user": 1, "content_type": 8, "object_id": "3", "object_repr": "3 bobby", "action_flag": 2, "change_message": "[{\"changed\": {\"fields\": [\"Short\"]}}]"}}, {"model": "admin.logentry", "pk": 9, "fields": {"action_time": "2022-02-04T22:32:52.541Z", "user": 1, "content_type": 8, "object_id": "3", "object_repr": "3 bobby", "action_flag": 2, "change_message": "[{\"changed\": {\"fields\": [\"Short\"]}}]"}}, {"model": "admin.logentry", "pk": 10, "fields": {"action_time": "2022-02-04T22:50:33.698Z", "user": 1, "content_type": 8, "object_id": "3", "object_repr": "3 bobby", "action_flag": 2, "change_message": "[{\"changed\": {\"fields\": [\"Short\"]}}]"}}, {"model": "admin.logentry", "pk": 11, "fields": {"action_time": "2022-02-06T07:13:09.515Z", "user": 1, "content_type": 9, "object_id": "1", "object_repr": "man2", "action_flag": 1, "change_message": "[{\"added\": {}}]"}}, {"model": "admin.logentry", "pk": 12, "fields": {"action_time": "2022-02-06T07:18:40.442Z", "user": 1, "content_type": 9, "object_id": "2", "object_repr": "man1", "action_flag": 1, "change_message": "[{\"added\": {}}]"}}, {"model": "admin.logentry", "pk": 13, "fields": {"action_time": "2022-02-08T08:42:09.846Z", "user": 1, "content_type": 9, "object_id": "14", "object_repr": "14 dude", "action_flag": 1, "change_message": "[{\"added\": {}}]"}}, {"model": "admin.logentry", "pk": 14, "fields": {"action_time": "2022-02-09T11:24:30.025Z", "user": 1, "content_type": 8, "object_id": "1", "object_repr": "1 test", "action_flag": 2, "change_message": "[{\"changed\": {\"fields\": [\"Short\"]}}]"}}, {"model": "admin.logentry", "pk": 15, "fields": {"action_time": "2022-02-09T11:28:45.204Z", "user": 1, "content_type": 8, "object_id": "2", "object_repr": "2 Hi", "action_flag": 2, "change_message": "[{\"changed\": {\"fields\": [\"Short\"]}}]"}}, {"model": "admin.logentry", "pk": 16, "fields": {"action_time": "2022-02-09T11:29:56.894Z", "user": 1, "content_type": 8, "object_id": "2", "object_repr": "2 Hi", "action_flag": 2, "change_message": "[{\"changed\": {\"fields\": [\"Short\"]}}]"}}, {"model": "admin.logentry", "pk": 17, "fields": {"action_time": "2022-02-09T11:30:49.053Z", "user": 1, "content_type": 8, "object_id": "2", "object_repr": "2 Hi", "action_flag": 2, "change_message": "[{\"changed\": {\"fields\": [\"Short\"]}}]"}}, {"model": "admin.logentry", "pk": 18, "fields": {"action_time": "2022-02-09T11:33:41.224Z", "user": 1, "content_type": 8, "object_id": "1", "object_repr": "1 test", "action_flag": 2, "change_message": "[{\"changed\": {\"fields\": [\"Short\"]}}]"}}, {"model": "admin.logentry", "pk": 19, "fields": {"action_time": "2022-02-09T11:59:13.772Z", "user": 1, "content_type": 8, "object_id": "3", "object_repr": "3 bobby", "action_flag": 2, "change_message": "[{\"changed\": {\"fields\": [\"Short\"]}}]"}}, {"model": "admin.logentry", "pk": 20, "fields": {"action_time": "2022-02-09T12:19:09.174Z", "user": 1, "content_type": 8, "object_id": "3", "object_repr": "3 Bobby", "action_flag": 2, "change_message": "[{\"changed\": {\"fields\": [\"Name\"]}}]"}}, {"model": "admin.logentry", "pk": 21, "fields": {"action_time": "2022-02-09T12:19:15.373Z", "user": 1, "content_type": 8, "object_id": "1", "object_repr": "1 Test", "action_flag": 2, "change_message": "[{\"changed\": {\"fields\": [\"Name\", \"Short\"]}}]"}}, {"model": "admin.logentry", "pk": 22, "fields": {"action_time": "2022-02-09T23:16:39.291Z", "user": 1, "content_type": 9, "object_id": "15", "object_repr": "15 newreply", "action_flag": 1, "change_message": "[{\"added\": {}}]"}}, {"model": "admin.logentry", "pk": 23, "fields": {"action_time": "2022-02-09T23:18:07.519Z", "user": 1, "content_type": 9, "object_id": "15", "object_repr": "15 newreply", "action_flag": 2, "change_message": "[{\"changed\": {\"fields\": [\"Comment\"]}}]"}}, {"model": "admin.logentry", "pk": 24, "fields": {"action_time": "2022-02-10T10:02:02.405Z", "user": 1, "content_type": 10, "object_id": "1", "object_repr": "1", "action_flag": 1, "change_message": "[{\"added\": {}}]"}}, {"model": "admin.logentry", "pk": 25, "fields": {"action_time": "2022-02-10T10:04:37.680Z", "user": 1, "content_type": 8, "object_id": "2", "object_repr": "2 Hi", "action_flag": 2, "change_message": "[{\"changed\": {\"fields\": [\"Short\"]}}]"}}, {"model": "admin.logentry", "pk": 26, "fields": {"action_time": "2022-02-10T10:10:05.351Z", "user": 1, "content_type": 10, "object_id": "2", "object_repr": "2", "action_flag": 1, "change_message": "[{\"added\": {}}]"}}, {"model": "admin.logentry", "pk": 27, "fields": {"action_time": "2022-02-10T10:10:10.235Z", "user": 1, "content_type": 10, "object_id": "2", "object_repr": "2", "action_flag": 2, "change_message": "[]"}}, {"model": "admin.logentry", "pk": 28, "fields": {"action_time": "2022-02-10T10:10:57.149Z", "user": 1, "content_type": 10, "object_id": "2", "object_repr": "2", "action_flag": 2, "change_message": "[]"}}, {"model": "admin.logentry", "pk": 29, "fields": {"action_time": "2022-02-10T21:24:47.946Z", "user": 1, "content_type": 11, "object_id": "1", "object_repr": "1 Noun", "action_flag": 1, "change_message": "[{\"added\": {}}]"}}, {"model": "admin.logentry", "pk": 30, "fields": {"action_time": "2022-02-10T21:25:04.749Z", "user": 1, "content_type": 11, "object_id": "2", "object_repr": "2 Verb", "action_flag": 1, "change_message": "[{\"added\": {}}]"}}, {"model": "admin.logentry", "pk": 31, "fields": {"action_time": "2022-02-10T21:25:15.785Z", "user": 1, "content_type": 11, "object_id": "3", "object_repr": "3 Man", "action_flag": 1, "change_message": "[{\"added\": {}}]"}}, {"model": "admin.logentry", "pk": 32, "fields": {"action_time": "2022-02-11T20:32:40.177Z", "user": 1, "content_type": 10, "object_id": "3", "object_repr": "3", "action_flag": 1, "change_message": "[{\"added\": {}}]"}}, {"model": "admin.logentry", "pk": 33, "fields": {"action_time": "2022-02-11T20:34:13.926Z", "user": 1, "content_type": 11, "object_id": "4", "object_repr": "4 4th Topic", "action_flag": 1, "change_message": "[{\"added\": {}}]"}}, {"model": "admin.logentry", "pk": 34, "fields": {"action_time": "2022-02-11T20:34:36.936Z", "user": 1, "content_type": 11, "object_id": "5", "object_repr": "5 Five", "action_flag": 1, "change_message": "[{\"added\": {}}]"}}, {"model": "admin.logentry", "pk": 35, "fields": {"action_time": "2022-02-11T20:34:57.438Z", "user": 1, "content_type": 10, "object_id": "3", "object_repr": "3", "action_flag": 2, "change_message": "[{\"changed\": {\"fields\": [\"TopC\"]}}]"}}, {"model": "admin.logentry", "pk": 36, "fields": {"action_time": "2022-02-11T20:44:53.411Z", "user": 1, "content_type": 11, "object_id": "5", "object_repr": "5 Five", "action_flag": 2, "change_message": "[{\"changed\": {\"fields\": [\"Fullest\"]}}]"}}, {"model": "admin.logentry", "pk": 37, "fields": {"action_time": "2022-02-11T20:46:27.718Z", "user": 1, "content_type": 11, "object_id": "6", "object_repr": "6 Topic 6", "action_flag": 1, "change_message": "[{\"added\": {}}]"}}, {"model": "admin.logentry", "pk": 38, "fields": {"action_time": "2022-02-11T20:46:50.919Z", "user": 1, "content_type": 10, "object_id": "2", "object_repr": "2", "action_flag": 2, "change_message": "[{\"changed\": {\"fields\": [\"TopR\"]}}]"}}, {"model": "admin.logentry", "pk": 39, "fields": {"action_time": "2022-02-11T20:47:34.020Z", "user": 1, "content_type": 11, "object_id": "4", "object_repr": "4 Topic4", "action_flag": 2, "change_message": "[{\"changed\": {\"fields\": [\"Title\", \"Fullest\"]}}]"}}, {"model": "admin.logentry", "pk": 40, "fields": {"action_time": "2022-02-11T20:53:41.313Z", "user": 1, "content_type": 9, "object_id": "1", "object_repr": "1 man2", "action_flag": 3, "change_message": ""}}, {"model": "admin.logentry", "pk": 41, "fields": {"action_time": "2022-02-11T20:54:52.890Z", "user": 1, "content_type": 7, "object_id": "60", "object_repr": "60 newest", "action_flag": 3, "change_message": ""}}, {"model": "admin.logentry", "pk": 42, "fields": {"action_time": "2022-02-11T20:54:53.061Z", "user": 1, "content_type": 7, "object_id": "59", "object_repr": "59 newest", "action_flag": 3, "change_message": ""}}, {"model": "admin.logentry", "pk": 43, "fields": {"action_time": "2022-02-11T20:54:53.146Z", "user": 1, "content_type": 7, "object_id": "58", "object_repr": "58 newest", "action_flag": 3, "change_message": ""}}, {"model": "admin.logentry", "pk": 44, "fields": {"action_time": "2022-02-11T20:54:53.219Z", "user": 1, "content_type": 7, "object_id": "57", "object_repr": "57 newest", "action_flag": 3, "change_message": ""}}, {"model": "admin.logentry", "pk": 45, "fields": {"action_time": "2022-02-11T20:54:53.294Z", "user": 1, "content_type": 7, "object_id": "56", "object_repr": "56 bobby", "action_flag": 3, "change_message": ""}}, {"model": "admin.logentry", "pk": 46, "fields": {"action_time": "2022-02-11T20:54:53.378Z", "user": 1, "content_type": 7, "object_id": "55", "object_repr": "55 boob", "action_flag": 3, "change_message": ""}}, {"model": "admin.logentry", "pk": 47, "fields": {"action_time": "2022-02-11T20:54:53.452Z", "user": 1, "content_type": 7, "object_id": "54", "object_repr": "54 bob", "action_flag": 3, "change_message": ""}}, {"model": "admin.logentry", "pk": 48, "fields": {"action_time": "2022-02-11T20:54:53.526Z", "user": 1, "content_type": 7, "object_id": "53", "object_repr": "53 try", "action_flag": 3, "change_message": ""}}, {"model": "admin.logentry", "pk": 49, "fields": {"action_time": "2022-02-11T20:54:53.612Z", "user": 1, "content_type": 7, "object_id": "52", "object_repr": "52 jf", "action_flag": 3, "change_message": ""}}, {"model": "admin.logentry", "pk": 50, "fields": {"action_time": "2022-02-11T20:54:53.686Z", "user": 1, "content_type": 7, "object_id": "51", "object_repr": "51 jack", "action_flag": 3, "change_message": ""}}, {"model": "admin.logentry", "pk": 51, "fields": {"action_time": "2022-02-11T20:54:53.771Z", "user": 1, "content_type": 7, "object_id": "50", "object_repr": "50 oooooo", "action_flag": 3, "change_message": ""}}, {"model": "admin.logentry", "pk": 52, "fields": {"action_time": "2022-02-11T20:54:53.845Z", "user": 1, "content_type": 7, "object_id": "49", "object_repr": "49 oooooooooooo", "action_flag": 3, "change_message": ""}}, {"model": "admin.logentry", "pk": 53, "fields": {"action_time": "2022-02-11T20:54:53.918Z", "user": 1, "content_type": 7, "object_id": "48", "object_repr": "48 hi2", "action_flag": 3, "change_message": ""}}, {"model": "admin.logentry", "pk": 54, "fields": {"action_time": "2022-02-11T20:54:54.003Z", "user": 1, "content_type": 7, "object_id": "47", "object_repr": "47 hi", "action_flag": 3, "change_message": ""}}, {"model": "admin.logentry", "pk": 55, "fields": {"action_time": "2022-02-11T20:54:54.176Z", "user": 1, "content_type": 7, "object_id": "46", "object_repr": "46 new", "action_flag": 3, "change_message": ""}}, {"model": "admin.logentry", "pk": 56, "fields": {"action_time": "2022-02-11T20:54:54.361Z", "user": 1, "content_type": 7, "object_id": "45", "object_repr": "45 59", "action_flag": 3, "change_message": ""}}, {"model": "admin.logentry", "pk": 57, "fields": {"action_time": "2022-02-11T20:54:54.444Z", "user": 1, "content_type": 7, "object_id": "44", "object_repr": "44 58", "action_flag": 3, "change_message": ""}}, {"model": "admin.logentry", "pk": 58, "fields": {"action_time": "2022-02-11T20:54:54.528Z", "user": 1, "content_type": 7, "object_id": "43", "object_repr": "43 58", "action_flag": 3, "change_message": ""}}, {"model": "admin.logentry", "pk": 59, "fields": {"action_time": "2022-02-11T20:54:54.613Z", "user": 1, "content_type": 7, "object_id": "42", "object_repr": "42 58", "action_flag": 3, "change_message": ""}}, {"model": "admin.logentry", "pk": 60, "fields": {"action_time": "2022-02-11T20:54:54.687Z", "user": 1, "content_type": 7, "object_id": "41", "object_repr": "41 58", "action_flag": 3, "change_message": ""}}, {"model": "admin.logentry", "pk": 61, "fields": {"action_time": "2022-02-11T20:54:54.761Z", "user": 1, "content_type": 7, "object_id": "40", "object_repr": "40 577", "action_flag": 3, "change_message": ""}}, {"model": "admin.logentry", "pk": 62, "fields": {"action_time": "2022-02-11T20:54:54.846Z", "user": 1, "content_type": 7, "object_id": "39", "object_repr": "39 57", "action_flag": 3, "change_message": ""}}, {"model": "admin.logentry", "pk": 63, "fields": {"action_time": "2022-02-11T20:54:54.931Z", "user": 1, "content_type": 7, "object_id": "38", "object_repr": "38 56", "action_flag": 3, "change_message": ""}}, {"model": "admin.logentry", "pk": 64, "fields": {"action_time": "2022-02-11T20:54:55.016Z", "user": 1, "content_type": 7, "object_id": "37", "object_repr": "37 56", "action_flag": 3, "change_message": ""}}, {"model": "admin.logentry", "pk": 65, "fields": {"action_time": "2022-02-11T20:54:55.101Z", "user": 1, "content_type": 7, "object_id": "36", "object_repr": "36 56", "action_flag": 3, "change_message": ""}}, {"model": "admin.logentry", "pk": 66, "fields": {"action_time": "2022-02-11T20:54:55.186Z", "user": 1, "content_type": 7, "object_id": "35", "object_repr": "35 56", "action_flag": 3, "change_message": ""}}, {"model": "admin.logentry", "pk": 67, "fields": {"action_time": "2022-02-11T20:54:55.272Z", "user": 1, "content_type": 7, "object_id": "34", "object_repr": "34 56", "action_flag": 3, "change_message": ""}}, {"model": "admin.logentry", "pk": 68, "fields": {"action_time": "2022-02-11T20:54:55.356Z", "user": 1, "content_type": 7, "object_id": "33", "object_repr": "33 56", "action_flag": 3, "change_message": ""}}, {"model": "admin.logentry", "pk": 69, "fields": {"action_time": "2022-02-11T20:54:55.449Z", "user": 1, "content_type": 7, "object_id": "32", "object_repr": "32 56", "action_flag": 3, "change_message": ""}}, {"model": "admin.logentry", "pk": 70, "fields": {"action_time": "2022-02-11T20:54:55.537Z", "user": 1, "content_type": 7, "object_id": "31", "object_repr": "31 56", "action_flag": 3, "change_message": ""}}, {"model": "admin.logentry", "pk": 71, "fields": {"action_time": "2022-02-11T20:54:55.622Z", "user": 1, "content_type": 7, "object_id": "30", "object_repr": "30 56", "action_flag": 3, "change_message": ""}}, {"model": "admin.logentry", "pk": 72, "fields": {"action_time": "2022-02-11T20:54:55.737Z", "user": 1, "content_type": 7, "object_id": "29", "object_repr": "29 56", "action_flag": 3, "change_message": ""}}, {"model": "admin.logentry", "pk": 73, "fields": {"action_time": "2022-02-11T20:54:55.815Z", "user": 1, "content_type": 7, "object_id": "28", "object_repr": "28 56", "action_flag": 3, "change_message": ""}}, {"model": "admin.logentry", "pk": 74, "fields": {"action_time": "2022-02-11T20:54:55.900Z", "user": 1, "content_type": 7, "object_id": "27", "object_repr": "27 56", "action_flag": 3, "change_message": ""}}, {"model": "admin.logentry", "pk": 75, "fields": {"action_time": "2022-02-11T20:54:55.985Z", "user": 1, "content_type": 7, "object_id": "26", "object_repr": "26 56", "action_flag": 3, "change_message": ""}}, {"model": "admin.logentry", "pk": 76, "fields": {"action_time": "2022-02-11T20:54:56.070Z", "user": 1, "content_type": 7, "object_id": "25", "object_repr": "25 56", "action_flag": 3, "change_message": ""}}, {"model": "admin.logentry", "pk": 77, "fields": {"action_time": "2022-02-11T20:54:56.154Z", "user": 1, "content_type": 7, "object_id": "24", "object_repr": "24 56", "action_flag": 3, "change_message": ""}}, {"model": "admin.logentry", "pk": 78, "fields": {"action_time": "2022-02-11T20:54:56.240Z", "user": 1, "content_type": 7, "object_id": "23", "object_repr": "23 56", "action_flag": 3, "change_message": ""}}, {"model": "admin.logentry", "pk": 79, "fields": {"action_time": "2022-02-11T20:54:56.325Z", "user": 1, "content_type": 7, "object_id": "22", "object_repr": "22 56", "action_flag": 3, "change_message": ""}}, {"model": "admin.logentry", "pk": 80, "fields": {"action_time": "2022-02-11T20:54:56.410Z", "user": 1, "content_type": 7, "object_id": "21", "object_repr": "21 56", "action_flag": 3, "change_message": ""}}, {"model": "admin.logentry", "pk": 81, "fields": {"action_time": "2022-02-11T20:54:56.561Z", "user": 1, "content_type": 7, "object_id": "19", "object_repr": "19 45", "action_flag": 3, "change_message": ""}}, {"model": "admin.logentry", "pk": 82, "fields": {"action_time": "2022-02-11T20:54:56.667Z", "user": 1, "content_type": 7, "object_id": "18", "object_repr": "18 45", "action_flag": 3, "change_message": ""}}, {"model": "admin.logentry", "pk": 83, "fields": {"action_time": "2022-02-11T20:54:56.741Z", "user": 1, "content_type": 7, "object_id": "17", "object_repr": "17 22", "action_flag": 3, "change_message": ""}}, {"model": "admin.logentry", "pk": 84, "fields": {"action_time": "2022-02-11T20:54:56.826Z", "user": 1, "content_type": 7, "object_id": "16", "object_repr": "16 22", "action_flag": 3, "change_message": ""}}, {"model": "admin.logentry", "pk": 85, "fields": {"action_time": "2022-02-11T20:54:56.913Z", "user": 1, "content_type": 7, "object_id": "15", "object_repr": "15 22", "action_flag": 3, "change_message": ""}}, {"model": "admin.logentry", "pk": 86, "fields": {"action_time": "2022-02-11T20:54:57.018Z", "user": 1, "content_type": 7, "object_id": "14", "object_repr": "14 22", "action_flag": 3, "change_message": ""}}, {"model": "admin.logentry", "pk": 87, "fields": {"action_time": "2022-02-11T20:54:57.117Z", "user": 1, "content_type": 7, "object_id": "13", "object_repr": "13 22", "action_flag": 3, "change_message": ""}}, {"model": "admin.logentry", "pk": 88, "fields": {"action_time": "2022-02-11T20:54:57.191Z", "user": 1, "content_type": 7, "object_id": "12", "object_repr": "12 22", "action_flag": 3, "change_message": ""}}, {"model": "admin.logentry", "pk": 89, "fields": {"action_time": "2022-02-11T20:54:57.264Z", "user": 1, "content_type": 7, "object_id": "11", "object_repr": "11 22", "action_flag": 3, "change_message": ""}}, {"model": "admin.logentry", "pk": 90, "fields": {"action_time": "2022-02-11T20:54:57.338Z", "user": 1, "content_type": 7, "object_id": "10", "object_repr": "10 22", "action_flag": 3, "change_message": ""}}, {"model": "admin.logentry", "pk": 91, "fields": {"action_time": "2022-02-11T20:54:57.413Z", "user": 1, "content_type": 7, "object_id": "9", "object_repr": "9 22", "action_flag": 3, "change_message": ""}}, {"model": "admin.logentry", "pk": 92, "fields": {"action_time": "2022-02-11T20:54:57.486Z", "user": 1, "content_type": 7, "object_id": "8", "object_repr": "8 23", "action_flag": 3, "change_message": ""}}, {"model": "admin.logentry", "pk": 93, "fields": {"action_time": "2022-02-11T20:54:57.560Z", "user": 1, "content_type": 7, "object_id": "7", "object_repr": "7 man1", "action_flag": 3, "change_message": ""}}, {"model": "admin.logentry", "pk": 94, "fields": {"action_time": "2022-02-11T20:54:57.634Z", "user": 1, "content_type": 7, "object_id": "6", "object_repr": "6 ses", "action_flag": 3, "change_message": ""}}, {"model": "admin.logentry", "pk": 95, "fields": {"action_time": "2022-02-11T20:54:57.719Z", "user": 1, "content_type": 7, "object_id": "5", "object_repr": "5 jes", "action_flag": 3, "change_message": ""}}, {"model": "admin.logentry", "pk": 96, "fields": {"action_time": "2022-02-11T20:54:57.793Z", "user": 1, "content_type": 7, "object_id": "4", "object_repr": "4 jon", "action_flag": 3, "change_message": ""}}, {"model": "admin.logentry", "pk": 97, "fields": {"action_time": "2022-02-12T09:09:09.525Z", "user": 1, "content_type": 12, "object_id": "1", "object_repr": "1", "action_flag": 1, "change_message": "[{\"added\": {}}]"}}, {"model": "auth.permission", "pk": 1, "fields": {"name": "Can add log entry", "content_type": 1, "codename": "add_logentry"}}, {"model": "auth.permission", "pk": 2, "fields": {"name": "Can change log entry", "content_type": 1, "codename": "change_logentry"}}, {"model": "auth.permission", "pk": 3, "fields": {"name": "Can delete log entry", "content_type": 1, "codename": "delete_logentry"}}, {"model": "auth.permission", "pk": 4, "fields": {"name": "Can view log entry", "content_type": 1, "codename": "view_logentry"}}, {"model": "auth.permission", "pk": 5, "fields": {"name": "Can add permission", "content_type": 2, "codename": "add_permission"}}, {"model": "auth.permission", "pk": 6, "fields": {"name": "Can change permission", "content_type": 2, "codename": "change_permission"}}, {"model": "auth.permission", "pk": 7, "fields": {"name": "Can delete permission", "content_type": 2, "codename": "delete_permission"}}, {"model": "auth.permission", "pk": 8, "fields": {"name": "Can view permission", "content_type": 2, "codename": "view_permission"}}, {"model": "auth.permission", "pk": 9, "fields": {"name": "Can add group", "content_type": 3, "codename": "add_group"}}, {"model": "auth.permission", "pk": 10, "fields": {"name": "Can change group", "content_type": 3, "codename": "change_group"}}, {"model": "auth.permission", "pk": 11, "fields": {"name": "Can delete group", "content_type": 3, "codename": "delete_group"}}, {"model": "auth.permission", "pk": 12, "fields": {"name": "Can view group", "content_type": 3, "codename": "view_group"}}, {"model": "auth.permission", "pk": 13, "fields": {"name": "Can add user", "content_type": 4, "codename": "add_user"}}, {"model": "auth.permission", "pk": 14, "fields": {"name": "Can change user", "content_type": 4, "codename": "change_user"}}, {"model": "auth.permission", "pk": 15, "fields": {"name": "Can delete user", "content_type": 4, "codename": "delete_user"}}, {"model": "auth.permission", "pk": 16, "fields": {"name": "Can view user", "content_type": 4, "codename": "view_user"}}, {"model": "auth.permission", "pk": 17, "fields": {"name": "Can add content type", "content_type": 5, "codename": "add_contenttype"}}, {"model": "auth.permission", "pk": 18, "fields": {"name": "Can change content type", "content_type": 5, "codename": "change_contenttype"}}, {"model": "auth.permission", "pk": 19, "fields": {"name": "Can delete content type", "content_type": 5, "codename": "delete_contenttype"}}, {"model": "auth.permission", "pk": 20, "fields": {"name": "Can view content type", "content_type": 5, "codename": "view_contenttype"}}, {"model": "auth.permission", "pk": 21, "fields": {"name": "Can add session", "content_type": 6, "codename": "add_session"}}, {"model": "auth.permission", "pk": 22, "fields": {"name": "Can change session", "content_type": 6, "codename": "change_session"}}, {"model": "auth.permission", "pk": 23, "fields": {"name": "Can delete session", "content_type": 6, "codename": "delete_session"}}, {"model": "auth.permission", "pk": 24, "fields": {"name": "Can view session", "content_type": 6, "codename": "view_session"}}, {"model": "auth.permission", "pk": 25, "fields": {"name": "Can add comment", "content_type": 7, "codename": "add_comment"}}, {"model": "auth.permission", "pk": 26, "fields": {"name": "Can change comment", "content_type": 7, "codename": "change_comment"}}, {"model": "auth.permission", "pk": 27, "fields": {"name": "Can delete comment", "content_type": 7, "codename": "delete_comment"}}, {"model": "auth.permission", "pk": 28, "fields": {"name": "Can view comment", "content_type": 7, "codename": "view_comment"}}, {"model": "auth.permission", "pk": 29, "fields": {"name": "Can add post", "content_type": 8, "codename": "add_post"}}, {"model": "auth.permission", "pk": 30, "fields": {"name": "Can change post", "content_type": 8, "codename": "change_post"}}, {"model": "auth.permission", "pk": 31, "fields": {"name": "Can delete post", "content_type": 8, "codename": "delete_post"}}, {"model": "auth.permission", "pk": 32, "fields": {"name": "Can view post", "content_type": 8, "codename": "view_post"}}, {"model": "auth.permission", "pk": 33, "fields": {"name": "Can add reply", "content_type": 9, "codename": "add_reply"}}, {"model": "auth.permission", "pk": 34, "fields": {"name": "Can change reply", "content_type": 9, "codename": "change_reply"}}, {"model": "auth.permission", "pk": 35, "fields": {"name": "Can delete reply", "content_type": 9, "codename": "delete_reply"}}, {"model": "auth.permission", "pk": 36, "fields": {"name": "Can view reply", "content_type": 9, "codename": "view_reply"}}, {"model": "auth.permission", "pk": 37, "fields": {"name": "Can add layout row", "content_type": 10, "codename": "add_layoutrow"}}, {"model": "auth.permission", "pk": 38, "fields": {"name": "Can change layout row", "content_type": 10, "codename": "change_layoutrow"}}, {"model": "auth.permission", "pk": 39, "fields": {"name": "Can delete layout row", "content_type": 10, "codename": "delete_layoutrow"}}, {"model": "auth.permission", "pk": 40, "fields": {"name": "Can view layout row", "content_type": 10, "codename": "view_layoutrow"}}, {"model": "auth.permission", "pk": 41, "fields": {"name": "Can add topic", "content_type": 11, "codename": "add_topic"}}, {"model": "auth.permission", "pk": 42, "fields": {"name": "Can change topic", "content_type": 11, "codename": "change_topic"}}, {"model": "auth.permission", "pk": 43, "fields": {"name": "Can delete topic", "content_type": 11, "codename": "delete_topic"}}, {"model": "auth.permission", "pk": 44, "fields": {"name": "Can view topic", "content_type": 11, "codename": "view_topic"}}, {"model": "auth.permission", "pk": 45, "fields": {"name": "Can add layout row1", "content_type": 12, "codename": "add_layoutrow1"}}, {"model": "auth.permission", "pk": 46, "fields": {"name": "Can change layout row1", "content_type": 12, "codename": "change_layoutrow1"}}, {"model": "auth.permission", "pk": 47, "fields": {"name": "Can delete layout row1", "content_type": 12, "codename": "delete_layoutrow1"}}, {"model": "auth.permission", "pk": 48, "fields": {"name": "Can view layout row1", "content_type": 12, "codename": "view_layoutrow1"}}, {"model": "auth.user", "pk": 1, "fields": {"password": "pbkdf2_sha256$320000$JhdEG5iuJXYDHVv5UfA4N1$hqOmBgaGdwi8z/aq+Hepoo6ej8IUb9OTVOveimPXub4=", "last_login": "2022-02-04T00:20:37.862Z", "is_superuser": true, "username": "ViktorV", "first_name": "", "last_name": "", "email": "viktor@gmail.com", "is_staff": true, "is_active": true, "date_joined": "2022-02-04T00:18:36.751Z", "groups": [], "user_permissions": []}}, {"model": "sessions.session", "pk": "rwcrewt2l771pxks29u18sfy1nr9kawr", "fields": {"session_data": ".eJxVjEsOAiEQRO_C2hCgoUO7dO8ZSPNRRg0k81lNvLuSzEI3taj3qnYReFtr2JYyhymLs9Di9NtFTs_SBsgPbvcuU2_rPEU5FHnQRV57Lq_L4f4dVF7qWINX4BNqjDetonfEySnvvCWbHYIh64gKooL8DSZMbAyxLaDAWCPeH66RNiw:1nFmL7:wTyZGag1zgj2GUi4LlKg7CHQu8qVQy2kHuMgTHxUen4", "expire_date": "2022-02-18T00:20:37.937Z"}}]